<?xml version="1.0" encoding="UTF-8"?>
<GenRun Id="impl_1" LaunchPart="xc7a100tcsg324-1" LaunchTime="1622877848">
  <File Type="BITSTR-BMM" Name="mb_design_wrapper_bd.bmm"/>
  <File Type="OPT-METHODOLOGY-DRC" Name="mb_design_wrapper_methodology_drc_opted.rpt"/>
  <File Type="INIT-TIMING" Name="mb_design_wrapper_timing_summary_init.rpt"/>
  <File Type="ROUTE-PWR" Name="mb_design_wrapper_power_routed.rpt"/>
  <File Type="PA-TCL" Name="mb_design_wrapper.tcl"/>
  <File Type="OPT-TIMING" Name="mb_design_wrapper_timing_summary_opted.rpt"/>
  <File Type="OPT-DCP" Name="mb_design_wrapper_opt.dcp"/>
  <File Type="ROUTE-PWR-SUM" Name="mb_design_wrapper_power_summary_routed.pb"/>
  <File Type="REPORTS-TCL" Name="mb_design_wrapper_reports.tcl"/>
  <File Type="OPT-DRC" Name="mb_design_wrapper_drc_opted.rpt"/>
  <File Type="OPT-HWDEF" Name="mb_design_wrapper.hwdef"/>
  <File Type="PWROPT-DCP" Name="mb_design_wrapper_pwropt.dcp"/>
  <File Type="PWROPT-DRC" Name="mb_design_wrapper_drc_pwropted.rpt"/>
  <File Type="PWROPT-TIMING" Name="mb_design_wrapper_timing_summary_pwropted.rpt"/>
  <File Type="PLACE-DCP" Name="mb_design_wrapper_placed.dcp"/>
  <File Type="PLACE-IO" Name="mb_design_wrapper_io_placed.rpt"/>
  <File Type="PLACE-CLK" Name="mb_design_wrapper_clock_utilization_placed.rpt"/>
  <File Type="PLACE-UTIL" Name="mb_design_wrapper_utilization_placed.rpt"/>
  <File Type="PLACE-UTIL-PB" Name="mb_design_wrapper_utilization_placed.pb"/>
  <File Type="PLACE-CTRL" Name="mb_design_wrapper_control_sets_placed.rpt"/>
  <File Type="PLACE-SIMILARITY" Name="mb_design_wrapper_incremental_reuse_placed.rpt"/>
  <File Type="PLACE-PRE-SIMILARITY" Name="mb_design_wrapper_incremental_reuse_pre_placed.rpt"/>
  <File Type="PLACE-TIMING" Name="mb_design_wrapper_timing_summary_placed.rpt"/>
  <File Type="POSTPLACE-PWROPT-DCP" Name="mb_design_wrapper_postplace_pwropt.dcp"/>
  <File Type="BG-BIN" Name="mb_design_wrapper.bin"/>
  <File Type="POSTPLACE-PWROPT-TIMING" Name="mb_design_wrapper_timing_summary_postplace_pwropted.rpt"/>
  <File Type="PHYSOPT-DCP" Name="mb_design_wrapper_physopt.dcp"/>
  <File Type="PHYSOPT-DRC" Name="mb_design_wrapper_drc_physopted.rpt"/>
  <File Type="BITSTR-MSK" Name="mb_design_wrapper.msk"/>
  <File Type="PHYSOPT-TIMING" Name="mb_design_wrapper_timing_summary_physopted.rpt"/>
  <File Type="ROUTE-ERROR-DCP" Name="mb_design_wrapper_routed_error.dcp"/>
  <File Type="ROUTE-DCP" Name="mb_design_wrapper_routed.dcp"/>
  <File Type="ROUTE-BLACKBOX-DCP" Name="mb_design_wrapper_routed_bb.dcp"/>
  <File Type="ROUTE-DRC" Name="mb_design_wrapper_drc_routed.rpt"/>
  <File Type="ROUTE-DRC-PB" Name="mb_design_wrapper_drc_routed.pb"/>
  <File Type="ROUTE-DRC-RPX" Name="mb_design_wrapper_drc_routed.rpx"/>
  <File Type="BITSTR-MMI" Name="mb_design_wrapper.mmi"/>
  <File Type="ROUTE-METHODOLOGY-DRC" Name="mb_design_wrapper_methodology_drc_routed.rpt"/>
  <File Type="ROUTE-METHODOLOGY-DRC-RPX" Name="mb_design_wrapper_methodology_drc_routed.rpx"/>
  <File Type="ROUTE-METHODOLOGY-DRC-PB" Name="mb_design_wrapper_methodology_drc_routed.pb"/>
  <File Type="ROUTE-PWR-RPX" Name="mb_design_wrapper_power_routed.rpx"/>
  <File Type="ROUTE-STATUS" Name="mb_design_wrapper_route_status.rpt"/>
  <File Type="ROUTE-STATUS-PB" Name="mb_design_wrapper_route_status.pb"/>
  <File Type="ROUTE-TIMINGSUMMARY" Name="mb_design_wrapper_timing_summary_routed.rpt"/>
  <File Type="ROUTE-TIMING-PB" Name="mb_design_wrapper_timing_summary_routed.pb"/>
  <File Type="ROUTE-TIMING-RPX" Name="mb_design_wrapper_timing_summary_routed.rpx"/>
  <File Type="ROUTE-SIMILARITY" Name="mb_design_wrapper_incremental_reuse_routed.rpt"/>
  <File Type="ROUTE-CLK" Name="mb_design_wrapper_clock_utilization_routed.rpt"/>
  <File Type="ROUTE-BUS-SKEW" Name="mb_design_wrapper_bus_skew_routed.rpt"/>
  <File Type="ROUTE-BUS-SKEW-PB" Name="mb_design_wrapper_bus_skew_routed.pb"/>
  <File Type="ROUTE-BUS-SKEW-RPX" Name="mb_design_wrapper_bus_skew_routed.rpx"/>
  <File Type="POSTROUTE-PHYSOPT-DCP" Name="mb_design_wrapper_postroute_physopt.dcp"/>
  <File Type="POSTROUTE-PHYSOPT-BLACKBOX-DCP" Name="mb_design_wrapper_postroute_physopt_bb.dcp"/>
  <File Type="POSTROUTE-PHYSOPT-TIMING" Name="mb_design_wrapper_timing_summary_postroute_physopted.rpt"/>
  <File Type="POSTROUTE-PHYSOPT-TIMING-PB" Name="mb_design_wrapper_timing_summary_postroute_physopted.pb"/>
  <File Type="POSTROUTE-PHYSOPT-TIMING-RPX" Name="mb_design_wrapper_timing_summary_postroute_physopted.rpx"/>
  <File Type="POSTROUTE-PHYSOPT-BUS-SKEW" Name="mb_design_wrapper_bus_skew_postroute_physopted.rpt"/>
  <File Type="POSTROUTE-PHYSOPT-BUS-SKEW-PB" Name="mb_design_wrapper_bus_skew_postroute_physopted.pb"/>
  <File Type="BG-BIT" Name="mb_design_wrapper.bit"/>
  <File Type="POSTROUTE-PHYSOPT-BUS-SKEW-RPX" Name="mb_design_wrapper_bus_skew_postroute_physopted.rpx"/>
  <File Type="BITSTR-RBT" Name="mb_design_wrapper.rbt"/>
  <File Type="BITSTR-NKY" Name="mb_design_wrapper.nky"/>
  <File Type="PDI-FILE" Name="mb_design_wrapper.pdi"/>
  <File Type="RCFI_FILE" Name="mb_design_wrapper.rcfi"/>
  <File Type="CFI_FILE" Name="mb_design_wrapper.cfi"/>
  <File Type="RNPI_FILE" Name="mb_design_wrapper.rnpi"/>
  <File Type="NPI_FILE" Name="mb_design_wrapper.npi"/>
  <File Type="RBD_FILE" Name="mb_design_wrapper.rbd"/>
  <File Type="BITSTR-LTX" Name="debug_nets.ltx"/>
  <File Type="BITSTR-LTX" Name="mb_design_wrapper.ltx"/>
  <File Type="BITSTR-SYSDEF" Name="mb_design_wrapper.sysdef"/>
  <File Type="BG-BGN" Name="mb_design_wrapper.bgn"/>
  <File Type="BG-DRC" Name="mb_design_wrapper.drc"/>
  <File Type="RDI-RDI" Name="mb_design_wrapper.vdi"/>
  <File Type="WBT-USG" Name="usage_statistics_webtalk.html"/>
  <FileSet Name="sources" Type="DesignSrcs" RelSrcDir="$PSRCDIR/sources_1" RelGenDir="$PGENDIR/sources_1">
    <Filter Type="Srcs"/>
    <File Path="$PSRCDIR/sources_1/bd/mb_design/mb_design.bd">
      <FileInfo>
        <Attr Name="ImportPath" Val="$PPRDIR/../MB_basePlatform/MB_basePlatform.srcs/sources_1/bd/mb_design/mb_design.bd"/>
        <Attr Name="ImportTime" Val="1622840612"/>
        <Attr Name="UsedIn" Val="synthesis"/>
        <Attr Name="UsedIn" Val="implementation"/>
        <Attr Name="UsedIn" Val="simulation"/>
      </FileInfo>
    </File>
    <File Path="$PGENDIR/sources_1/bd/mb_design/hdl/mb_design_wrapper.vhd">
      <FileInfo>
        <Attr Name="UsedIn" Val="synthesis"/>
        <Attr Name="UsedIn" Val="simulation"/>
      </FileInfo>
    </File>
    <Config>
      <Option Name="DesignMode" Val="RTL"/>
      <Option Name="TopModule" Val="mb_design_wrapper"/>
      <Option Name="TopAutoSet" Val="TRUE"/>
    </Config>
  </FileSet>
  <FileSet Name="constrs_in" Type="Constrs" RelSrcDir="$PSRCDIR/constrs_1">
    <Filter Type="Constrs"/>
    <File Path="$PSRCDIR/constrs_1/imports/Constrains/Nexys4_Master.xdc">
      <FileInfo>
        <Attr Name="ImportPath" Val="$PPRDIR/../Constrains/Nexys4_Master.xdc"/>
        <Attr Name="ImportTime" Val="1613841597"/>
        <Attr Name="UsedIn" Val="synthesis"/>
        <Attr Name="UsedIn" Val="implementation"/>
      </FileInfo>
    </File>
    <Config>
      <Option Name="ConstrsType" Val="XDC"/>
    </Config>
  </FileSet>
  <FileSet Name="utils" Type="Utils" RelSrcDir="$PSRCDIR/utils_1">
    <Filter Type="Utils"/>
    <Config>
      <Option Name="TopAutoSet" Val="TRUE"/>
    </Config>
  </FileSet>
  <Strategy Version="1" Minor="2">
    <StratHandle Name="Vivado Implementation Defaults" Flow="Vivado Implementation 2020"/>
    <Step Id="init_design"/>
    <Step Id="opt_design"/>
    <Step Id="power_opt_design"/>
    <Step Id="place_design"/>
    <Step Id="post_place_power_opt_design"/>
    <Step Id="phys_opt_design"/>
    <Step Id="route_design"/>
    <Step Id="post_route_phys_opt_design"/>
    <Step Id="write_bitstream"/>
  </Strategy>
</GenRun>
