<?xml version="1.0" encoding="UTF-8"?>
<GenRun Id="synth_1" LaunchPart="xc7a100tcsg324-1" LaunchTime="1622877848">
  <File Type="PA-TCL" Name="mb_design_wrapper.tcl"/>
  <File Type="RDS-PROPCONSTRS" Name="mb_design_wrapper_drc_synth.rpt"/>
  <File Type="REPORTS-TCL" Name="mb_design_wrapper_reports.tcl"/>
  <File Type="RDS-RDS" Name="mb_design_wrapper.vds"/>
  <File Type="RDS-UTIL" Name="mb_design_wrapper_utilization_synth.rpt"/>
  <File Type="RDS-UTIL-PB" Name="mb_design_wrapper_utilization_synth.pb"/>
  <File Type="RDS-DCP" Name="mb_design_wrapper.dcp"/>
  <File Type="VDS-TIMINGSUMMARY" Name="mb_design_wrapper_timing_summary_synth.rpt"/>
  <File Type="VDS-TIMING-PB" Name="mb_design_wrapper_timing_summary_synth.pb"/>
  <FileSet Name="sources" Type="DesignSrcs" RelSrcDir="$PSRCDIR/sources_1" RelGenDir="$PGENDIR/sources_1">
    <Filter Type="Srcs"/>
    <File Path="$PSRCDIR/sources_1/bd/mb_design/mb_design.bd">
      <FileInfo>
        <Attr Name="ImportPath" Val="$PPRDIR/../MB_basePlatform/MB_basePlatform.srcs/sources_1/bd/mb_design/mb_design.bd"/>
        <Attr Name="ImportTime" Val="1622840612"/>
        <Attr Name="UsedIn" Val="synthesis"/>
        <Attr Name="UsedIn" Val="implementation"/>
        <Attr Name="UsedIn" Val="simulation"/>
      </FileInfo>
    </File>
    <File Path="$PGENDIR/sources_1/bd/mb_design/hdl/mb_design_wrapper.vhd">
      <FileInfo>
        <Attr Name="UsedIn" Val="synthesis"/>
        <Attr Name="UsedIn" Val="simulation"/>
      </FileInfo>
    </File>
    <Config>
      <Option Name="DesignMode" Val="RTL"/>
      <Option Name="TopModule" Val="mb_design_wrapper"/>
      <Option Name="TopAutoSet" Val="TRUE"/>
    </Config>
  </FileSet>
  <FileSet Name="constrs_in" Type="Constrs" RelSrcDir="$PSRCDIR/constrs_1">
    <Filter Type="Constrs"/>
    <File Path="$PSRCDIR/constrs_1/imports/Constrains/Nexys4_Master.xdc">
      <FileInfo>
        <Attr Name="ImportPath" Val="$PPRDIR/../Constrains/Nexys4_Master.xdc"/>
        <Attr Name="ImportTime" Val="1613841597"/>
        <Attr Name="UsedIn" Val="synthesis"/>
        <Attr Name="UsedIn" Val="implementation"/>
      </FileInfo>
    </File>
    <Config>
      <Option Name="ConstrsType" Val="XDC"/>
    </Config>
  </FileSet>
  <FileSet Name="utils" Type="Utils" RelSrcDir="$PSRCDIR/utils_1">
    <Filter Type="Utils"/>
    <Config>
      <Option Name="TopAutoSet" Val="TRUE"/>
    </Config>
  </FileSet>
  <Strategy Version="1" Minor="2">
    <StratHandle Name="Vivado Synthesis Defaults" Flow="Vivado Synthesis 2020"/>
    <Step Id="synth_design"/>
  </Strategy>
</GenRun>
